variant,mean_latency_ms,p95_latency_ms,model_size_kb,accuracy_percent,energy_mj,class2_recall_percent
M1_FP32,0.011210499942535535,0.013610001769848164,5.27734375,98.5,0.03010019234570791,100.0
M2_PTQ_INT8,0.01692500005447073,0.017610002760193307,4.578125,98.5,0.015486375049840715,100.0
M3_PRUNED_PTQ_INT8,0.017560000014782418,0.022225001521292136,4.5078125,98.5,0.05347020004501246,100.0
